id,category,feat_0,feat_1,feat_2,feat_3,feat_4,feat_5,feat_6,feat_7,feat_8,feat_9,feat_10,feat_11,feat_12,feat_13,feat_14,feat_15,feat_16,feat_17,feat_18,feat_19,feat_20,feat_21,feat_22,feat_23,feat_24,feat_25,feat_26,feat_27,feat_28,feat_29,feat_30,feat_31,feat_32,feat_33,feat_34,feat_35,feat_36,feat_37,feat_38,feat_39
0,A,0.0,0.0,0.0,0.0,0.0,0.0,0.0,0.0,0.0,0.0,0.0,0.0,0.0,0.0,0.0,0.0,0.0,0.0,0.0,0.0,0.0,0.0,0.0,0.0,0.0,0.0,0.0,0.0,0.0,0.0,0.0,0.0,0.0,0.0,0.0,0.0,0.0,0.0,0.0,0.0
1,B,0.0,0.1,0.2,0.3,0.4,0.5,0.6,0.7,0.8,0.9,1.0,1.1,1.2,1.3,1.4,1.5,1.6,1.7,1.8,1.9,2.0,2.1,2.2,2.3,2.4,2.5,2.6,2.7,2.8,2.9,3.0,3.1,3.2,3.3,3.4,3.5,3.6,3.7,3.8,3.9
2,C,0.0,0.2,0.4,0.6,0.8,1.0,1.2,1.4,1.6,1.8,2.0,2.2,2.4,2.6,2.8,3.0,3.2,3.4,3.6,3.8,4.0,4.2,4.4,4.6,4.8,5.0,5.2,5.4,5.6,5.8,6.0,6.2,6.4,6.6,6.8,7.0,7.2,7.4,7.6,7.8
3,D,0.0,0.3,0.6,0.9,1.2,1.5,1.8,2.1,2.4,2.7,3.0,3.3,3.6,3.9,4.2,4.5,4.8,5.1,5.4,5.7,6.0,6.3,6.6,6.9,7.2,7.5,7.8,8.1,8.4,8.7,9.0,9.3,9.6,9.9,0.2,0.5,0.8,1.1,1.4,1.7
4,A,0.0,0.4,0.8,1.2,1.6,2.0,2.4,2.8,3.2,3.6,4.0,4.4,4.8,5.2,5.6,6.0,6.4,6.8,7.2,7.6,8.0,8.4,8.8,9.2,9.6,0.0,0.4,0.8,1.2,1.6,2.0,2.4,2.8,3.2,3.6,4.0,4.4,4.8,5.2,5.6
5,B,0.0,0.5,1.0,1.5,2.0,2.5,3.0,3.5,4.0,4.5,5.0,5.5,6.0,6.5,7.0,7.5,8.0,8.5,9.0,9.5,0.0,0.5,1.0,1.5,2.0,2.5,3.0,3.5,4.0,4.5,5.0,5.5,6.0,6.5,7.0,7.5,8.0,8.5,9.0,9.5
6,C,0.0,0.6,1.2,1.8,2.4,3.0,3.6,4.2,4.8,5.4,6.0,6.6,7.2,7.8,8.4,9.0,9.6,0.2,0.8,1.4,2.0,2.6,3.2,3.8,4.4,5.0,5.6,6.2,6.8,7.4,8.0,8.6,9.2,9.8,0.4,1.0,1.6,2.2,2.8,3.4
7,D,0.0,0.7,1.4,2.1,2.8,3.5,4.2,4.9,5.6,6.3,7.0,7.7,8.4,9.1,9.8,0.5,1.2,1.9,2.6,3.3,4.0,4.7,5.4,6.1,6.8,7.5,8.2,8.9,9.6,0.3,1.0,1.7,2.4,3.1,3.8,4.5,5.2,5.9,6.6,7.3
8,A,0.0,0.8,1.6,2.4,3.2,4.0,4.8,5.6,6.4,7.2,8.0,8.8,9.6,0.4,1.2,2.0,2.8,3.6,4.4,5.2,6.0,6.8,7.6,8.4,9.2,0.0,0.8,1.6,2.4,3.2,4.0,4.8,5.6,6.4,7.2,8.0,8.8,9.6,0.4,1.2
9,B,0.0,0.9,1.8,2.7,3.6,4.5,5.4,6.3,7.2,8.1,9.0,9.9,0.8,1.7,2.6,3.5,4.4,5.3,6.2,7.1,8.0,8.9,9.8,0.7,1.6,2.5,3.4,4.3,5.2,6.1,7.0,7.9,8.8,9.7,0.6,1.5,2.4,3.3,4.2,5.1
10,C,0.0,1.0,2.0,3.0,4.0,5.0,6.0,7.0,8.0,9.0,0.0,1.0,2.0,3.0,4.0,5.0,6.0,7.0,8.0,9.0,0.0,1.0,2.0,3.0,4.0,5.0,6.0,7.0,8.0,9.0,0.0,1.0,2.0,3.0,4.0,5.0,6.0,7.0,8.0,9.0
11,D,0.0,1.1,2.2,3.3,4.4,5.5,6.6,7.7,8.8,9.9,1.0,2.1,3.2,4.3,5.4,6.5,7.6,8.7,9.8,0.9,2.0,3.1,4.2,5.3,6.4,7.5,8.6,9.7,0.8,1.9,3.0,4.1,5.2,6.3,7.4,8.5,9.6,0.7,1.8,2.9
12,A,0.0,1.2,2.4,3.6,4.8,6.0,7.2,8.4,9.6,0.8,2.0,3.2,4.4,5.6,6.8,8.0,9.2,0.4,1.6,2.8,4.0,5.2,6.4,7.6,8.8,0.0,1.2,2.4,3.6,4.8,6.0,7.2,8.4,9.6,0.8,2.0,3.2,4.4,5.6,6.8
13,B,0.0,1.3,2.6,3.9,5.2,6.5,7.8,9.1,0.4,1.7,3.0,4.3,5.6,6.9,8.2,9.5,0.8,2.1,3.4,4.7,6.0,7.3,8.6,9.9,1.2,2.5,3.8,5.1,6.4,7.7,9.0,0.3,1.6,2.9,4.2,5.5,6.8,8.1,9.4,0.7
14,C,0.0,1.4,2.8,4.2,5.6,7.0,8.4,9.8,1.2,2.6,4.0,5.4,6.8,8.2,9.6,1.0,2.4,3.8,5.2,6.6,8.0,9.4,0.8,2.2,3.6,5.0,6.4,7.8,9.2,0.6,2.0,3.4,4.8,6.2,7.6,9.0,0.4,1.8,3.2,4.6
15,D,0.0,1.5,3.0,4.5,6.0,7.5,9.0,0.5,2.0,3.5,5.0,6.5,8.0,9.5,1.0,2.5,4.0,5.5,7.0,8.5,0.0,1.5,3.0,4.5,6.0,7.5,9.0,0.5,2.0,3.5,5.0,6.5,8.0,9.5,1.0,2.5,4.0,5.5,7.0,8.5
16,A,0.0,1.6,3.2,4.8,6.4,8.0,9.6,1.2,2.8,4.4,6.0,7.6,9.2,0.8,2.4,4.0,5.6,7.2,8.8,0.4,2.0,3.6,5.2,6.8,8.4,0.0,1.6,3.2,4.8,6.4,8.0,9.6,1.2,2.8,4.4,6.0,7.6,9.2,0.8,2.4
17,B,0.0,1.7,3.4,5.1,6.8,8.5,0.2,1.9,3.6,5.3,7.0,8.7,0.4,2.1,3.8,5.5,7.2,8.9,0.6,2.3,4.0,5.7,7.4,9.1,0.8,2.5,4.2,5.9,7.6,9.3,1.0,2.7,4.4,6.1,7.8,9.5,1.2,2.9,4.6,6.3
18,C,0.0,1.8,3.6,5.4,7.2,9.0,0.8,2.6,4.4,6.2,8.0,9.8,1.6,3.4,5.2,7.0,8.8,0.6,2.4,4.2,6.0,7.8,9.6,1.4,3.2,5.0,6.8,8.6,0.4,2.2,4.0,5.8,7.6,9.4,1.2,3.0,4.8,6.6,8.4,0.2
19,D,0.0,1.9,3.8,5.7,7.6,9.5,1.4,3.3,5.2,7.1,9.0,0.9,2.8,4.7,6.6,8.5,0.4,2.3,4.2,6.1,8.0,9.9,1.8,3.7,5.6,7.5,9.4,1.3,3.2,5.1,7.0,8.9,0.8,2.7,4.6,6.5,8.4,0.3,2.2,4.1
20,A,0.0,2.0,4.0,6.0,8.0,0.0,2.0,4.0,6.0,8.0,0.0,2.0,4.0,6.0,8.0,0.0,2.0,4.0,6.0,8.0,0.0,2.0,4.0,6.0,8.0,0.0,2.0,4.0,6.0,8.0,0.0,2.0,4.0,6.0,8.0,0.0,2.0,4.0,6.0,8.0
21,B,0.0,2.1,4.2,6.3,8.4,0.5,2.6,4.7,6.8,8.9,1.0,3.1,5.2,7.3,9.4,1.5,3.6,5.7,7.8,9.9,2.0,4.1,6.2,8.3,0.4,2.5,4.6,6.7,8.8,0.9,3.0,5.1,7.2,9.3,1.4,3.5,5.6,7.7,9.8,1.9
22,C,0.0,2.2,4.4,6.6,8.8,1.0,3.2,5.4,7.6,9.8,2.0,4.2,6.4,8.6,0.8,3.0,5.2,7.4,9.6,1.8,4.0,6.2,8.4,0.6,2.8,5.0,7.2,9.4,1.6,3.8,6.0,8.2,0.4,2.6,4.8,7.0,9.2,1.4,3.6,5.8
23,D,0.0,2.3,4.6,6.9,9.2,1.5,3.8,6.1,8.4,0.7,3.0,5.3,7.6,9.9,2.2,4.5,6.8,9.1,1.4,3.7,6.0,8.3,0.6,2.9,5.2,7.5,9.8,2.1,4.4,6.7,9.0,1.3,3.6,5.9,8.2,0.5,2.8,5.1,7.4,9.7
24,A,0.0,2.4,4.8,7.2,9.6,2.0,4.4,6.8,9.2,1.6,4.0,6.4,8.8,1.2,3.6,6.0,8.4,0.8,3.2,5.6,8.0,0.4,2.8,5.2,7.6,0.0,2.4,4.8,7.2,9.6,2.0,4.4,6.8,9.2,1.6,4.0,6.4,8.8,1.2,3.6
25,B,0.0,2.5,5.0,7.5,0.0,2.5,5.0,7.5,0.0,2.5,5.0,7.5,0.0,2.5,5.0,7.5,0.0,2.5,5.0,7.5,0.0,2.5,5.0,7.5,0.0,2.5,5.0,7.5,0.0,2.5,5.0,7.5,0.0,2.5,5.0,7.5,0.0,2.5,5.0,7.5
26,C,0.0,2.6,5.2,7.8,0.4,3.0,5.6,8.2,0.8,3.4,6.0,8.6,1.2,3.8,6.4,9.0,1.6,4.2,6.8,9.4,2.0,4.6,7.2,9.8,2.4,5.0,7.6,0.2,2.8,5.4,8.0,0.6,3.2,5.8,8.4,1.0,3.6,6.2,8.8,1.4
27,D,0.0,2.7,5.4,8.1,0.8,3.5,6.2,8.9,1.6,4.3,7.0,9.7,2.4,5.1,7.8,0.5,3.2,5.9,8.6,1.3,4.0,6.7,9.4,2.1,4.8,7.5,0.2,2.9,5.6,8.3,1.0,3.7,6.4,9.1,1.8,4.5,7.2,9.9,2.6,5.3
28,A,0.0,2.8,5.6,8.4,1.2,4.0,6.8,9.6,2.4,5.2,8.0,0.8,3.6,6.4,9.2,2.0,4.8,7.6,0.4,3.2,6.0,8.8,1.6,4.4,7.2,0.0,2.8,5.6,8.4,1.2,4.0,6.8,9.6,2.4,5.2,8.0,0.8,3.6,6.4,9.2
29,B,0.0,2.9,5.8,8.7,1.6,4.5,7.4,0.3,3.2,6.1,9.0,1.9,4.8,7.7,0.6,3.5,6.4,9.3,2.2,5.1,8.0,0.9,3.8,6.7,9.6,2.5,5.4,8.3,1.2,4.1,7.0,9.9,2.8,5.7,8.6,1.5,4.4,7.3,0.2,3.1
30,C,0.0,3.0,6.0,9.0,2.0,5.0,8.0,1.0,4.0,7.0,0.0,3.0,6.0,9.0,2.0,5.0,8.0,1.0,4.0,7.0,0.0,3.0,6.0,9.0,2.0,5.0,8.0,1.0,4.0,7.0,0.0,3.0,6.0,9.0,2.0,5.0,8.0,1.0,4.0,7.0
31,D,0.0,3.1,6.2,9.3,2.4,5.5,8.6,1.7,4.8,7.9,1.0,4.1,7.2,0.3,3.4,6.5,9.6,2.7,5.8,8.9,2.0,5.1,8.2,1.3,4.4,7.5,0.6,3.7,6.8,9.9,3.0,6.1,9.2,2.3,5.4,8.5,1.6,4.7,7.8,0.9
32,A,0.0,3.2,6.4,9.6,2.8,6.0,9.2,2.4,5.6,8.8,2.0,5.2,8.4,1.6,4.8,8.0,1.2,4.4,7.6,0.8,4.0,7.2,0.4,3.6,6.8,0.0,3.2,6.4,9.6,2.8,6.0,9.2,2.4,5.6,8.8,2.0,5.2,8.4,1.6,4.8
33,B,0.0,3.3,6.6,9.9,3.2,6.5,9.8,3.1,6.4,9.7,3.0,6.3,9.6,2.9,6.2,9.5,2.8,6.1,9.4,2.7,6.0,9.3,2.6,5.9,9.2,2.5,5.8,9.1,2.4,5.7,9.0,2.3,5.6,8.9,2.2,5.5,8.8,2.1,5.4,8.7
34,C,0.0,3.4,6.8,0.2,3.6,7.0,0.4,3.8,7.2,0.6,4.0,7.4,0.8,4.2,7.6,1.0,4.4,7.8,1.2,4.6,8.0,1.4,4.8,8.2,1.6,5.0,8.4,1.8,5.2,8.6,2.0,5.4,8.8,2.2,5.6,9.0,2.4,5.8,9.2,2.6
35,D,0.0,3.5,7.0,0.5,4.0,7.5,1.0,4.5,8.0,1.5,5.0,8.5,2.0,5.5,9.0,2.5,6.0,9.5,3.0,6.5,0.0,3.5,7.0,0.5,4.0,7.5,1.0,4.5,8.0,1.5,5.0,8.5,2.0,5.5,9.0,2.5,6.0,9.5,3.0,6.5
36,A,0.0,3.6,7.2,0.8,4.4,8.0,1.6,5.2,8.8,2.4,6.0,9.6,3.2,6.8,0.4,4.0,7.6,1.2,4.8,8.4,2.0,5.6,9.2,2.8,6.4,0.0,3.6,7.2,0.8,4.4,8.0,1.6,5.2,8.8,2.4,6.0,9.6,3.2,6.8,0.4
37,B,0.0,3.7,7.4,1.1,4.8,8.5,2.2,5.9,9.6,3.3,7.0,0.7,4.4,8.1,1.8,5.5,9.2,2.9,6.6,0.3,4.0,7.7,1.4,5.1,8.8,2.5,6.2,9.9,3.6,7.3,1.0,4.7,8.4,2.1,5.8,9.5,3.2,6.9,0.6,4.3
38,C,0.0,3.8,7.6,1.4,5.2,9.0,2.8,6.6,0.4,4.2,8.0,1.8,5.6,9.4,3.2,7.0,0.8,4.6,8.4,2.2,6.0,9.8,3.6,7.4,1.2,5.0,8.8,2.6,6.4,0.2,4.0,7.8,1.6,5.4,9.2,3.0,6.8,0.6,4.4,8.2
39,D,0.0,3.9,7.8,1.7,5.6,9.5,3.4,7.3,1.2,5.1,9.0,2.9,6.8,0.7,4.6,8.5,2.4,6.3,0.2,4.1,8.0,1.9,5.8,9.7,3.6,7.5,1.4,5.3,9.2,3.1,7.0,0.9,4.8,8.7,2.6,6.5,0.4,4.3,8.2,2.1
40,A,0.0,4.0,8.0,2.0,6.0,0.0,4.0,8.0,2.0,6.0,0.0,4.0,8.0,2.0,6.0,0.0,4.0,8.0,2.0,6.0,0.0,4.0,8.0,2.0,6.0,0.0,4.0,8.0,2.0,6.0,0.0,4.0,8.0,2.0,6.0,0.0,4.0,8.0,2.0,6.0
41,B,0.0,4.1,8.2,2.3,6.4,0.5,4.6,8.7,2.8,6.9,1.0,5.1,9.2,3.3,7.4,1.5,5.6,9.7,3.8,7.9,2.0,6.1,0.2,4.3,8.4,2.5,6.6,0.7,4.8,8.9,3.0,7.1,1.2,5.3,9.4,3.5,7.6,1.7,5.8,9.9
42,C,0.0,4.2,8.4,2.6,6.8,1.0,5.2,9.4,3.6,7.8,2.0,6.2,0.4,4.6,8.8,3.0,7.2,1.4,5.6,9.8,4.0,8.2,2.4,6.6,0.8,5.0,9.2,3.4,7.6,1.8,6.0,0.2,4.4,8.6,2.8,7.0,1.2,5.4,9.6,3.8
43,D,0.0,4.3,8.6,2.9,7.2,1.5,5.8,0.1,4.4,8.7,3.0,7.3,1.6,5.9,0.2,4.5,8.8,3.1,7.4,1.7,6.0,0.3,4.6,8.9,3.2,7.5,1.8,6.1,0.4,4.7,9.0,3.3,7.6,1.9,6.2,0.5,4.8,9.1,3.4,7.7
44,A,0.0,4.4,8.8,3.2,7.6,2.0,6.4,0.8,5.2,9.6,4.0,8.4,2.8,7.2,1.6,6.0,0.4,4.8,9.2,3.6,8.0,2.4,6.8,1.2,5.6,0.0,4.4,8.8,3.2,7.6,2.0,6.4,0.8,5.2,9.6,4.0,8.4,2.8,7.2,1.6
45,B,0.0,4.5,9.0,3.5,8.0,2.5,7.0,1.5,6.0,0.5,5.0,9.5,4.0,8.5,3.0,7.5,2.0,6.5,1.0,5.5,0.0,4.5,9.0,3.5,8.0,2.5,7.0,1.5,6.0,0.5,5.0,9.5,4.0,8.5,3.0,7.5,2.0,6.5,1.0,5.5
46,C,0.0,4.6,9.2,3.8,8.4,3.0,7.6,2.2,6.8,1.4,6.0,0.6,5.2,9.8,4.4,9.0,3.6,8.2,2.8,7.4,2.0,6.6,1.2,5.8,0.4,5.0,9.6,4.2,8.8,3.4,8.0,2.6,7.2,1.8,6.4,1.0,5.6,0.2,4.8,9.4
47,D,0.0,4.7,9.4,4.1,8.8,3.5,8.2,2.9,7.6,2.3,7.0,1.7,6.4,1.1,5.8,0.5,5.2,9.9,4.6,9.3,4.0,8.7,3.4,8.1,2.8,7.5,2.2,6.9,1.6,6.3,1.0,5.7,0.4,5.1,9.8,4.5,9.2,3.9,8.6,3.3
48,A,0.0,4.8,9.6,4.4,9.2,4.0,8.8,3.6,8.4,3.2,8.0,2.8,7.6,2.4,7.2,2.0,6.8,1.6,6.4,1.2,6.0,0.8,5.6,0.4,5.2,0.0,4.8,9.6,4.4,9.2,4.0,8.8,3.6,8.4,3.2,8.0,2.8,7.6,2.4,7.2
49,B,0.0,4.9,9.8,4.7,9.6,4.5,9.4,4.3,9.2,4.1,9.0,3.9,8.8,3.7,8.6,3.5,8.4,3.3,8.2,3.1,8.0,2.9,7.8,2.7,7.6,2.5,7.4,2.3,7.2,2.1,7.0,1.9,6.8,1.7,6.6,1.5,6.4,1.3,6.2,1.1
50,C,0.0,5.0,0.0,5.0,0.0,5.0,0.0,5.0,0.0,5.0,0.0,5.0,0.0,5.0,0.0,5.0,0.0,5.0,0.0,5.0,0.0,5.0,0.0,5.0,0.0,5.0,0.0,5.0,0.0,5.0,0.0,5.0,0.0,5.0,0.0,5.0,0.0,5.0,0.0,5.0
51,D,0.0,5.1,0.2,5.3,0.4,5.5,0.6,5.7,0.8,5.9,1.0,6.1,1.2,6.3,1.4,6.5,1.6,6.7,1.8,6.9,2.0,7.1,2.2,7.3,2.4,7.5,2.6,7.7,2.8,7.9,3.0,8.1,3.2,8.3,3.4,8.5,3.6,8.7,3.8,8.9
52,A,0.0,5.2,0.4,5.6,0.8,6.0,1.2,6.4,1.6,6.8,2.0,7.2,2.4,7.6,2.8,8.0,3.2,8.4,3.6,8.8,4.0,9.2,4.4,9.6,4.8,0.0,5.2,0.4,5.6,0.8,6.0,1.2,6.4,1.6,6.8,2.0,7.2,2.4,7.6,2.8
53,B,0.0,5.3,0.6,5.9,1.2,6.5,1.8,7.1,2.4,7.7,3.0,8.3,3.6,8.9,4.2,9.5,4.8,0.1,5.4,0.7,6.0,1.3,6.6,1.9,7.2,2.5,7.8,3.1,8.4,3.7,9.0,4.3,9.6,4.9,0.2,5.5,0.8,6.1,1.4,6.7
54,C,0.0,5.4,0.8,6.2,1.6,7.0,2.4,7.8,3.2,8.6,4.0,9.4,4.8,0.2,5.6,1.0,6.4,1.8,7.2,2.6,8.0,3.4,8.8,4.2,9.6,5.0,0.4,5.8,1.2,6.6,2.0,7.4,2.8,8.2,3.6,9.0,4.4,9.8,5.2,0.6
55,D,0.0,5.5,1.0,6.5,2.0,7.5,3.0,8.5,4.0,9.5,5.0,0.5,6.0,1.5,7.0,2.5,8.0,3.5,9.0,4.5,0.0,5.5,1.0,6.5,2.0,7.5,3.0,8.5,4.0,9.5,5.0,0.5,6.0,1.5,7.0,2.5,8.0,3.5,9.0,4.5
56,A,0.0,5.6,1.2,6.8,2.4,8.0,3.6,9.2,4.8,0.4,6.0,1.6,7.2,2.8,8.4,4.0,9.6,5.2,0.8,6.4,2.0,7.6,3.2,8.8,4.4,0.0,5.6,1.2,6.8,2.4,8.0,3.6,9.2,4.8,0.4,6.0,1.6,7.2,2.8,8.4
57,B,0.0,5.7,1.4,7.1,2.8,8.5,4.2,9.9,5.6,1.3,7.0,2.7,8.4,4.1,9.8,5.5,1.2,6.9,2.6,8.3,4.0,9.7,5.4,1.1,6.8,2.5,8.2,3.9,9.6,5.3,1.0,6.7,2.4,8.1,3.8,9.5,5.2,0.9,6.6,2.3
58,C,0.0,5.8,1.6,7.4,3.2,9.0,4.8,0.6,6.4,2.2,8.0,3.8,9.6,5.4,1.2,7.0,2.8,8.6,4.4,0.2,6.0,1.8,7.6,3.4,9.2,5.0,0.8,6.6,2.4,8.2,4.0,9.8,5.6,1.4,7.2,3.0,8.8,4.6,0.4,6.2
59,D,0.0,5.9,1.8,7.7,3.6,9.5,5.4,1.3,7.2,3.1,9.0,4.9,0.8,6.7,2.6,8.5,4.4,0.3,6.2,2.1,8.0,3.9,9.8,5.7,1.6,7.5,3.4,9.3,5.2,1.1,7.0,2.9,8.8,4.7,0.6,6.5,2.4,8.3,4.2,0.1
60,A,0.0,6.0,2.0,8.0,4.0,0.0,6.0,2.0,8.0,4.0,0.0,6.0,2.0,8.0,4.0,0.0,6.0,2.0,8.0,4.0,0.0,6.0,2.0,8.0,4.0,0.0,6.0,2.0,8.0,4.0,0.0,6.0,2.0,8.0,4.0,0.0,6.0,2.0,8.0,4.0
61,B,0.0,6.1,2.2,8.3,4.4,0.5,6.6,2.7,8.8,4.9,1.0,7.1,3.2,9.3,5.4,1.5,7.6,3.7,9.8,5.9,2.0,8.1,4.2,0.3,6.4,2.5,8.6,4.7,0.8,6.9,3.0,9.1,5.2,1.3,7.4,3.5,9.6,5.7,1.8,7.9
62,C,0.0,6.2,2.4,8.6,4.8,1.0,7.2,3.4,9.6,5.8,2.0,8.2,4.4,0.6,6.8,3.0,9.2,5.4,1.6,7.8,4.0,0.2,6.4,2.6,8.8,5.0,1.2,7.4,3.6,9.8,6.0,2.2,8.4,4.6,0.8,7.0,3.2,9.4,5.6,1.8
63,D,0.0,6.3,2.6,8.9,5.2,1.5,7.8,4.1,0.4,6.7,3.0,9.3,5.6,1.9,8.2,4.5,0.8,7.1,3.4,9.7,6.0,2.3,8.6,4.9,1.2,7.5,3.8,0.1,6.4,2.7,9.0,5.3,1.6,7.9,4.2,0.5,6.8,3.1,9.4,5.7
64,A,0.0,6.4,2.8,9.2,5.6,2.0,8.4,4.8,1.2,7.6,4.0,0.4,6.8,3.2,9.6,6.0,2.4,8.8,5.2,1.6,8.0,4.4,0.8,7.2,3.6,0.0,6.4,2.8,9.2,5.6,2.0,8.4,4.8,1.2,7.6,4.0,0.4,6.8,3.2,9.6
65,B,0.0,6.5,3.0,9.5,6.0,2.5,9.0,5.5,2.0,8.5,5.0,1.5,8.0,4.5,1.0,7.5,4.0,0.5,7.0,3.5,0.0,6.5,3.0,9.5,6.0,2.5,9.0,5.5,2.0,8.5,5.0,1.5,8.0,4.5,1.0,7.5,4.0,0.5,7.0,3.5
66,C,0.0,6.6,3.2,9.8,6.4,3.0,9.6,6.2,2.8,9.4,6.0,2.6,9.2,5.8,2.4,9.0,5.6,2.2,8.8,5.4,2.0,8.6,5.2,1.8,8.4,5.0,1.6,8.2,4.8,1.4,8.0,4.6,1.2,7.8,4.4,1.0,7.6,4.2,0.8,7.4
67,D,0.0,6.7,3.4,0.1,6.8,3.5,0.2,6.9,3.6,0.3,7.0,3.7,0.4,7.1,3.8,0.5,7.2,3.9,0.6,7.3,4.0,0.7,7.4,4.1,0.8,7.5,4.2,0.9,7.6,4.3,1.0,7.7,4.4,1.1,7.8,4.5,1.2,7.9,4.6,1.3
68,A,0.0,6.8,3.6,0.4,7.2,4.0,0.8,7.6,4.4,1.2,8.0,4.8,1.6,8.4,5.2,2.0,8.8,5.6,2.4,9.2,6.0,2.8,9.6,6.4,3.2,0.0,6.8,3.6,0.4,7.2,4.0,0.8,7.6,4.4,1.2,8.0,4.8,1.6,8.4,5.2
69,B,0.0,6.9,3.8,0.7,7.6,4.5,1.4,8.3,5.2,2.1,9.0,5.9,2.8,9.7,6.6,3.5,0.4,7.3,4.2,1.1,8.0,4.9,1.8,8.7,5.6,2.5,9.4,6.3,3.2,0.1,7.0,3.9,0.8,7.7,4.6,1.5,8.4,5.3,2.2,9.1
70,C,0.0,7.0,4.0,1.0,8.0,5.0,2.0,9.0,6.0,3.0,0.0,7.0,4.0,1.0,8.0,5.0,2.0,9.0,6.0,3.0,0.0,7.0,4.0,1.0,8.0,5.0,2.0,9.0,6.0,3.0,0.0,7.0,4.0,1.0,8.0,5.0,2.0,9.0,6.0,3.0
71,D,0.0,7.1,4.2,1.3,8.4,5.5,2.6,9.7,6.8,3.9,1.0,8.1,5.2,2.3,9.4,6.5,3.6,0.7,7.8,4.9,2.0,9.1,6.2,3.3,0.4,7.5,4.6,1.7,8.8,5.9,3.0,0.1,7.2,4.3,1.4,8.5,5.6,2.7,9.8,6.9
72,A,0.0,7.2,4.4,1.6,8.8,6.0,3.2,0.4,7.6,4.8,2.0,9.2,6.4,3.6,0.8,8.0,5.2,2.4,9.6,6.8,4.0,1.2,8.4,5.6,2.8,0.0,7.2,4.4,1.6,8.8,6.0,3.2,0.4,7.6,4.8,2.0,9.2,6.4,3.6,0.8
73,B,0.0,7.3,4.6,1.9,9.2,6.5,3.8,1.1,8.4,5.7,3.0,0.3,7.6,4.9,2.2,9.5,6.8,4.1,1.4,8.7,6.0,3.3,0.6,7.9,5.2,2.5,9.8,7.1,4.4,1.7,9.0,6.3,3.6,0.9,8.2,5.5,2.8,0.1,7.4,4.7
74,C,0.0,7.4,4.8,2.2,9.6,7.0,4.4,1.8,9.2,6.6,4.0,1.4,8.8,6.2,3.6,1.0,8.4,5.8,3.2,0.6,8.0,5.4,2.8,0.2,7.6,5.0,2.4,9.8,7.2,4.6,2.0,9.4,6.8,4.2,1.6,9.0,6.4,3.8,1.2,8.6
75,D,0.0,7.5,5.0,2.5,0.0,7.5,5.0,2.5,0.0,7.5,5.0,2.5,0.0,7.5,5.0,2.5,0.0,7.5,5.0,2.5,0.0,7.5,5.0,2.5,0.0,7.5,5.0,2.5,0.0,7.5,5.0,2.5,0.0,7.5,5.0,2.5,0.0,7.5,5.0,2.5
76,A,0.0,7.6,5.2,2.8,0.4,8.0,5.6,3.2,0.8,8.4,6.0,3.6,1.2,8.8,6.4,4.0,1.6,9.2,6.8,4.4,2.0,9.6,7.2,4.8,2.4,0.0,7.6,5.2,2.8,0.4,8.0,5.6,3.2,0.8,8.4,6.0,3.6,1.2,8.8,6.4
77,B,0.0,7.7,5.4,3.1,0.8,8.5,6.2,3.9,1.6,9.3,7.0,4.7,2.4,0.1,7.8,5.5,3.2,0.9,8.6,6.3,4.0,1.7,9.4,7.1,4.8,2.5,0.2,7.9,5.6,3.3,1.0,8.7,6.4,4.1,1.8,9.5,7.2,4.9,2.6,0.3
78,C,0.0,7.8,5.6,3.4,1.2,9.0,6.8,4.6,2.4,0.2,8.0,5.8,3.6,1.4,9.2,7.0,4.8,2.6,0.4,8.2,6.0,3.8,1.6,9.4,7.2,5.0,2.8,0.6,8.4,6.2,4.0,1.8,9.6,7.4,5.2,3.0,0.8,8.6,6.4,4.2
79,D,0.0,7.9,5.8,3.7,1.6,9.5,7.4,5.3,3.2,1.1,9.0,6.9,4.8,2.7,0.6,8.5,6.4,4.3,2.2,0.1,8.0,5.9,3.8,1.7,9.6,7.5,5.4,3.3,1.2,9.1,7.0,4.9,2.8,0.7,8.6,6.5,4.4,2.3,0.2,8.1
80,A,0.0,8.0,6.0,4.0,2.0,0.0,8.0,6.0,4.0,2.0,0.0,8.0,6.0,4.0,2.0,0.0,8.0,6.0,4.0,2.0,0.0,8.0,6.0,4.0,2.0,0.0,8.0,6.0,4.0,2.0,0.0,8.0,6.0,4.0,2.0,0.0,8.0,6.0,4.0,2.0
81,B,0.0,8.1,6.2,4.3,2.4,0.5,8.6,6.7,4.8,2.9,1.0,9.1,7.2,5.3,3.4,1.5,9.6,7.7,5.8,3.9,2.0,0.1,8.2,6.3,4.4,2.5,0.6,8.7,6.8,4.9,3.0,1.1,9.2,7.3,5.4,3.5,1.6,9.7,7.8,5.9
82,C,0.0,8.2,6.4,4.6,2.8,1.0,9.2,7.4,5.6,3.8,2.0,0.2,8.4,6.6,4.8,3.0,1.2,9.4,7.6,5.8,4.0,2.2,0.4,8.6,6.8,5.0,3.2,1.4,9.6,7.8,6.0,4.2,2.4,0.6,8.8,7.0,5.2,3.4,1.6,9.8
83,D,0.0,8.3,6.6,4.9,3.2,1.5,9.8,8.1,6.4,4.7,3.0,1.3,9.6,7.9,6.2,4.5,2.8,1.1,9.4,7.7,6.0,4.3,2.6,0.9,9.2,7.5,5.8,4.1,2.4,0.7,9.0,7.3,5.6,3.9,2.2,0.5,8.8,7.1,5.4,3.7
84,A,0.0,8.4,6.8,5.2,3.6,2.0,0.4,8.8,7.2,5.6,4.0,2.4,0.8,9.2,7.6,6.0,4.4,2.8,1.2,9.6,8.0,6.4,4.8,3.2,1.6,0.0,8.4,6.8,5.2,3.6,2.0,0.4,8.8,7.2,5.6,4.0,2.4,0.8,9.2,7.6
85,B,0.0,8.5,7.0,5.5,4.0,2.5,1.0,9.5,8.0,6.5,5.0,3.5,2.0,0.5,9.0,7.5,6.0,4.5,3.0,1.5,0.0,8.5,7.0,5.5,4.0,2.5,1.0,9.5,8.0,6.5,5.0,3.5,2.0,0.5,9.0,7.5,6.0,4.5,3.0,1.5
86,C,0.0,8.6,7.2,5.8,4.4,3.0,1.6,0.2,8.8,7.4,6.0,4.6,3.2,1.8,0.4,9.0,7.6,6.2,4.8,3.4,2.0,0.6,9.2,7.8,6.4,5.0,3.6,2.2,0.8,9.4,8.0,6.6,5.2,3.8,2.4,1.0,9.6,8.2,6.8,5.4
87,D,0.0,8.7,7.4,6.1,4.8,3.5,2.2,0.9,9.6,8.3,7.0,5.7,4.4,3.1,1.8,0.5,9.2,7.9,6.6,5.3,4.0,2.7,1.4,0.1,8.8,7.5,6.2,4.9,3.6,2.3,1.0,9.7,8.4,7.1,5.8,4.5,3.2,1.9,0.6,9.3
88,A,0.0,8.8,7.6,6.4,5.2,4.0,2.8,1.6,0.4,9.2,8.0,6.8,5.6,4.4,3.2,2.0,0.8,9.6,8.4,7.2,6.0,4.8,3.6,2.4,1.2,0.0,8.8,7.6,6.4,5.2,4.0,2.8,1.6,0.4,9.2,8.0,6.8,5.6,4.4,3.2
89,B,0.0,8.9,7.8,6.7,5.6,4.5,3.4,2.3,1.2,0.1,9.0,7.9,6.8,5.7,4.6,3.5,2.4,1.3,0.2,9.1,8.0,6.9,5.8,4.7,3.6,2.5,1.4,0.3,9.2,8.1,7.0,5.9,4.8,3.7,2.6,1.5,0.4,9.3,8.2,7.1
90,C,0.0,9.0,8.0,7.0,6.0,5.0,4.0,3.0,2.0,1.0,0.0,9.0,8.0,7.0,6.0,5.0,4.0,3.0,2.0,1.0,0.0,9.0,8.0,7.0,6.0,5.0,4.0,3.0,2.0,1.0,0.0,9.0,8.0,7.0,6.0,5.0,4.0,3.0,2.0,1.0
91,D,0.0,9.1,8.2,7.3,6.4,5.5,4.6,3.7,2.8,1.9,1.0,0.1,9.2,8.3,7.4,6.5,5.6,4.7,3.8,2.9,2.0,1.1,0.2,9.3,8.4,7.5,6.6,5.7,4.8,3.9,3.0,2.1,1.2,0.3,9.4,8.5,7.6,6.7,5.8,4.9
92,A,0.0,9.2,8.4,7.6,6.8,6.0,5.2,4.4,3.6,2.8,2.0,1.2,0.4,9.6,8.8,8.0,7.2,6.4,5.6,4.8,4.0,3.2,2.4,1.6,0.8,0.0,9.2,8.4,7.6,6.8,6.0,5.2,4.4,3.6,2.8,2.0,1.2,0.4,9.6,8.8
93,B,0.0,9.3,8.6,7.9,7.2,6.5,5.8,5.1,4.4,3.7,3.0,2.3,1.6,0.9,0.2,9.5,8.8,8.1,7.4,6.7,6.0,5.3,4.6,3.9,3.2,2.5,1.8,1.1,0.4,9.7,9.0,8.3,7.6,6.9,6.2,5.5,4.8,4.1,3.4,2.7
94,C,0.0,9.4,8.8,8.2,7.6,7.0,6.4,5.8,5.2,4.6,4.0,3.4,2.8,2.2,1.6,1.0,0.4,9.8,9.2,8.6,8.0,7.4,6.8,6.2,5.6,5.0,4.4,3.8,3.2,2.6,2.0,1.4,0.8,0.2,9.6,9.0,8.4,7.8,7.2,6.6
95,D,0.0,9.5,9.0,8.5,8.0,7.5,7.0,6.5,6.0,5.5,5.0,4.5,4.0,3.5,3.0,2.5,2.0,1.5,1.0,0.5,0.0,9.5,9.0,8.5,8.0,7.5,7.0,6.5,6.0,5.5,5.0,4.5,4.0,3.5,3.0,2.5,2.0,1.5,1.0,0.5
96,A,0.0,9.6,9.2,8.8,8.4,8.0,7.6,7.2,6.8,6.4,6.0,5.6,5.2,4.8,4.4,4.0,3.6,3.2,2.8,2.4,2.0,1.6,1.2,0.8,0.4,0.0,9.6,9.2,8.8,8.4,8.0,7.6,7.2,6.8,6.4,6.0,5.6,5.2,4.8,4.4
97,B,0.0,9.7,9.4,9.1,8.8,8.5,8.2,7.9,7.6,7.3,7.0,6.7,6.4,6.1,5.8,5.5,5.2,4.9,4.6,4.3,4.0,3.7,3.4,3.1,2.8,2.5,2.2,1.9,1.6,1.3,1.0,0.7,0.4,0.1,9.8,9.5,9.2,8.9,8.6,8.3
98,C,0.0,9.8,9.6,9.4,9.2,9.0,8.8,8.6,8.4,8.2,8.0,7.8,7.6,7.4,7.2,7.0,6.8,6.6,6.4,6.2,6.0,5.8,5.6,5.4,5.2,5.0,4.8,4.6,4.4,4.2,4.0,3.8,3.6,3.4,3.2,3.0,2.8,2.6,2.4,2.2
99,D,0.0,9.9,9.8,9.7,9.6,9.5,9.4,9.3,9.2,9.1,9.0,8.9,8.8,8.7,8.6,8.5,8.4,8.3,8.2,8.1,8.0,7.9,7.8,7.7,7.6,7.5,7.4,7.3,7.2,7.1,7.0,6.9,6.8,6.7,6.6,6.5,6.4,6.3,6.2,6.1
100,A,0.0,0.0,0.0,0.0,0.0,0.0,0.0,0.0,0.0,0.0,0.0,0.0,0.0,0.0,0.0,0.0,0.0,0.0,0.0,0.0,0.0,0.0,0.0,0.0,0.0,0.0,0.0,0.0,0.0,0.0,0.0,0.0,0.0,0.0,0.0,0.0,0.0,0.0,0.0,0.0
101,B,0.0,0.1,0.2,0.3,0.4,0.5,0.6,0.7,0.8,0.9,1.0,1.1,1.2,1.3,1.4,1.5,1.6,1.7,1.8,1.9,2.0,2.1,2.2,2.3,2.4,2.5,2.6,2.7,2.8,2.9,3.0,3.1,3.2,3.3,3.4,3.5,3.6,3.7,3.8,3.9
102,C,0.0,0.2,0.4,0.6,0.8,1.0,1.2,1.4,1.6,1.8,2.0,2.2,2.4,2.6,2.8,3.0,3.2,3.4,3.6,3.8,4.0,4.2,4.4,4.6,4.8,5.0,5.2,5.4,5.6,5.8,6.0,6.2,6.4,6.6,6.8,7.0,7.2,7.4,7.6,7.8
103,D,0.0,0.3,0.6,0.9,1.2,1.5,1.8,2.1,2.4,2.7,3.0,3.3,3.6,3.9,4.2,4.5,4.8,5.1,5.4,5.7,6.0,6.3,6.6,6.9,7.2,7.5,7.8,8.1,8.4,8.7,9.0,9.3,9.6,9.9,0.2,0.5,0.8,1.1,1.4,1.7
104,A,0.0,0.4,0.8,1.2,1.6,2.0,2.4,2.8,3.2,3.6,4.0,4.4,4.8,5.2,5.6,6.0,6.4,6.8,7.2,7.6,8.0,8.4,8.8,9.2,9.6,0.0,0.4,0.8,1.2,1.6,2.0,2.4,2.8,3.2,3.6,4.0,4.4,4.8,5.2,5.6
105,B,0.0,0.5,1.0,1.5,2.0,2.5,3.0,3.5,4.0,4.5,5.0,5.5,6.0,6.5,7.0,7.5,8.0,8.5,9.0,9.5,0.0,0.5,1.0,1.5,2.0,2.5,3.0,3.5,4.0,4.5,5.0,5.5,6.0,6.5,7.0,7.5,8.0,8.5,9.0,9.5
106,C,0.0,0.6,1.2,1.8,2.4,3.0,3.6,4.2,4.8,5.4,6.0,6.6,7.2,7.8,8.4,9.0,9.6,0.2,0.8,1.4,2.0,2.6,3.2,3.8,4.4,5.0,5.6,6.2,6.8,7.4,8.0,8.6,9.2,9.8,0.4,1.0,1.6,2.2,2.8,3.4
107,D,0.0,0.7,1.4,2.1,2.8,3.5,4.2,4.9,5.6,6.3,7.0,7.7,8.4,9.1,9.8,0.5,1.2,1.9,2.6,3.3,4.0,4.7,5.4,6.1,6.8,7.5,8.2,8.9,9.6,0.3,1.0,1.7,2.4,3.1,3.8,4.5,5.2,5.9,6.6,7.3
108,A,0.0,0.8,1.6,2.4,3.2,4.0,4.8,5.6,6.4,7.2,8.0,8.8,9.6,0.4,1.2,2.0,2.8,3.6,4.4,5.2,6.0,6.8,7.6,8.4,9.2,0.0,0.8,1.6,2.4,3.2,4.0,4.8,5.6,6.4,7.2,8.0,8.8,9.6,0.4,1.2
109,B,0.0,0.9,1.8,2.7,3.6,4.5,5.4,6.3,7.2,8.1,9.0,9.9,0.8,1.7,2.6,3.5,4.4,5.3,6.2,7.1,8.0,8.9,9.8,0.7,1.6,2.5,3.4,4.3,5.2,6.1,7.0,7.9,8.8,9.7,0.6,1.5,2.4,3.3,4.2,5.1
110,C,0.0,1.0,2.0,3.0,4.0,5.0,6.0,7.0,8.0,9.0,0.0,1.0,2.0,3.0,4.0,5.0,6.0,7.0,8.0,9.0,0.0,1.0,2.0,3.0,4.0,5.0,6.0,7.0,8.0,9.0,0.0,1.0,2.0,3.0,4.0,5.0,6.0,7.0,8.0,9.0
111,D,0.0,1.1,2.2,3.3,4.4,5.5,6.6,7.7,8.8,9.9,1.0,2.1,3.2,4.3,5.4,6.5,7.6,8.7,9.8,0.9,2.0,3.1,4.2,5.3,6.4,7.5,8.6,9.7,0.8,1.9,3.0,4.1,5.2,6.3,7.4,8.5,9.6,0.7,1.8,2.9
112,A,0.0,1.2,2.4,3.6,4.8,6.0,7.2,8.4,9.6,0.8,2.0,3.2,4.4,5.6,6.8,8.0,9.2,0.4,1.6,2.8,4.0,5.2,6.4,7.6,8.8,0.0,1.2,2.4,3.6,4.8,6.0,7.2,8.4,9.6,0.8,2.0,3.2,4.4,5.6,6.8
113,B,0.0,1.3,2.6,3.9,5.2,6.5,7.8,9.1,0.4,1.7,3.0,4.3,5.6,6.9,8.2,9.5,0.8,2.1,3.4,4.7,6.0,7.3,8.6,9.9,1.2,2.5,3.8,5.1,6.4,7.7,9.0,0.3,1.6,2.9,4.2,5.5,6.8,8.1,9.4,0.7
114,C,0.0,1.4,2.8,4.2,5.6,7.0,8.4,9.8,1.2,2.6,4.0,5.4,6.8,8.2,9.6,1.0,2.4,3.8,5.2,6.6,8.0,9.4,0.8,2.2,3.6,5.0,6.4,7.8,9.2,0.6,2.0,3.4,4.8,6.2,7.6,9.0,0.4,1.8,3.2,4.6
115,D,0.0,1.5,3.0,4.5,6.0,7.5,9.0,0.5,2.0,3.5,5.0,6.5,8.0,9.5,1.0,2.5,4.0,5.5,7.0,8.5,0.0,1.5,3.0,4.5,6.0,7.5,9.0,0.5,2.0,3.5,5.0,6.5,8.0,9.5,1.0,2.5,4.0,5.5,7.0,8.5
116,A,0.0,1.6,3.2,4.8,6.4,8.0,9.6,1.2,2.8,4.4,6.0,7.6,9.2,0.8,2.4,4.0,5.6,7.2,8.8,0.4,2.0,3.6,5.2,6.8,8.4,0.0,1.6,3.2,4.8,6.4,8.0,9.6,1.2,2.8,4.4,6.0,7.6,9.2,0.8,2.4
117,B,0.0,1.7,3.4,5.1,6.8,8.5,0.2,1.9,3.6,5.3,7.0,8.7,0.4,2.1,3.8,5.5,7.2,8.9,0.6,2.3,4.0,5.7,7.4,9.1,0.8,2.5,4.2,5.9,7.6,9.3,1.0,2.7,4.4,6.1,7.8,9.5,1.2,2.9,4.6,6.3
118,C,0.0,1.8,3.6,5.4,7.2,9.0,0.8,2.6,4.4,6.2,8.0,9.8,1.6,3.4,5.2,7.0,8.8,0.6,2.4,4.2,6.0,7.8,9.6,1.4,3.2,5.0,6.8,8.6,0.4,2.2,4.0,5.8,7.6,9.4,1.2,3.0,4.8,6.6,8.4,0.2
119,D,0.0,1.9,3.8,5.7,7.6,9.5,1.4,3.3,5.2,7.1,9.0,0.9,2.8,4.7,6.6,8.5,0.4,2.3,4.2,6.1,8.0,9.9,1.8,3.7,5.6,7.5,9.4,1.3,3.2,5.1,7.0,8.9,0.8,2.7,4.6,6.5,8.4,0.3,2.2,4.1
120,A,0.0,2.0,4.0,6.0,8.0,0.0,2.0,4.0,6.0,8.0,0.0,2.0,4.0,6.0,8.0,0.0,2.0,4.0,6.0,8.0,0.0,2.0,4.0,6.0,8.0,0.0,2.0,4.0,6.0,8.0,0.0,2.0,4.0,6.0,8.0,0.0,2.0,4.0,6.0,8.0
121,B,0.0,2.1,4.2,6.3,8.4,0.5,2.6,4.7,6.8,8.9,1.0,3.1,5.2,7.3,9.4,1.5,3.6,5.7,7.8,9.9,2.0,4.1,6.2,8.3,0.4,2.5,4.6,6.7,8.8,0.9,3.0,5.1,7.2,9.3,1.4,3.5,5.6,7.7,9.8,1.9
122,C,0.0,2.2,4.4,6.6,8.8,1.0,3.2,5.4,7.6,9.8,2.0,4.2,6.4,8.6,0.8,3.0,5.2,7.4,9.6,1.8,4.0,6.2,8.4,0.6,2.8,5.0,7.2,9.4,1.6,3.8,6.0,8.2,0.4,2.6,4.8,7.0,9.2,1.4,3.6,5.8
123,D,0.0,2.3,4.6,6.9,9.2,1.5,3.8,6.1,8.4,0.7,3.0,5.3,7.6,9.9,2.2,4.5,6.8,9.1,1.4,3.7,6.0,8.3,0.6,2.9,5.2,7.5,9.8,2.1,4.4,6.7,9.0,1.3,3.6,5.9,8.2,0.5,2.8,5.1,7.4,9.7
124,A,0.0,2.4,4.8,7.2,9.6,2.0,4.4,6.8,9.2,1.6,4.0,6.4,8.8,1.2,3.6,6.0,8.4,0.8,3.2,5.6,8.0,0.4,2.8,5.2,7.6,0.0,2.4,4.8,7.2,9.6,2.0,4.4,6.8,9.2,1.6,4.0,6.4,8.8,1.2,3.6
125,B,0.0,2.5,5.0,7.5,0.0,2.5,5.0,7.5,0.0,2.5,5.0,7.5,0.0,2.5,5.0,7.5,0.0,2.5,5.0,7.5,0.0,2.5,5.0,7.5,0.0,2.5,5.0,7.5,0.0,2.5,5.0,7.5,0.0,2.5,5.0,7.5,0.0,2.5,5.0,7.5
126,C,0.0,2.6,5.2,7.8,0.4,3.0,5.6,8.2,0.8,3.4,6.0,8.6,1.2,3.8,6.4,9.0,1.6,4.2,6.8,9.4,2.0,4.6,7.2,9.8,2.4,5.0,7.6,0.2,2.8,5.4,8.0,0.6,3.2,5.8,8.4,1.0,3.6,6.2,8.8,1.4
127,D,0.0,2.7,5.4,8.1,0.8,3.5,6.2,8.9,1.6,4.3,7.0,9.7,2.4,5.1,7.8,0.5,3.2,5.9,8.6,1.3,4.0,6.7,9.4,2.1,4.8,7.5,0.2,2.9,5.6,8.3,1.0,3.7,6.4,9.1,1.8,4.5,7.2,9.9,2.6,5.3
128,A,0.0,2.8,5.6,8.4,1.2,4.0,6.8,9.6,2.4,5.2,8.0,0.8,3.6,6.4,9.2,2.0,4.8,7.6,0.4,3.2,6.0,8.8,1.6,4.4,7.2,0.0,2.8,5.6,8.4,1.2,4.0,6.8,9.6,2.4,5.2,8.0,0.8,3.6,6.4,9.2
129,B,0.0,2.9,5.8,8.7,1.6,4.5,7.4,0.3,3.2,6.1,9.0,1.9,4.8,7.7,0.6,3.5,6.4,9.3,2.2,5.1,8.0,0.9,3.8,6.7,9.6,2.5,5.4,8.3,1.2,4.1,7.0,9.9,2.8,5.7,8.6,1.5,4.4,7.3,0.2,3.1
130,C,0.0,3.0,6.0,9.0,2.0,5.0,8.0,1.0,4.0,7.0,0.0,3.0,6.0,9.0,2.0,5.0,8.0,1.0,4.0,7.0,0.0,3.0,6.0,9.0,2.0,5.0,8.0,1.0,4.0,7.0,0.0,3.0,6.0,9.0,2.0,5.0,8.0,1.0,4.0,7.0
131,D,0.0,3.1,6.2,9.3,2.4,5.5,8.6,1.7,4.8,7.9,1.0,4.1,7.2,0.3,3.4,6.5,9.6,2.7,5.8,8.9,2.0,5.1,8.2,1.3,4.4,7.5,0.6,3.7,6.8,9.9,3.0,6.1,9.2,2.3,5.4,8.5,1.6,4.7,7.8,0.9
132,A,0.0,3.2,6.4,9.6,2.8,6.0,9.2,2.4,5.6,8.8,2.0,5.2,8.4,1.6,4.8,8.0,1.2,4.4,7.6,0.8,4.0,7.2,0.4,3.6,6.8,0.0,3.2,6.4,9.6,2.8,6.0,9.2,2.4,5.6,8.8,2.0,5.2,8.4,1.6,4.8
133,B,0.0,3.3,6.6,9.9,3.2,6.5,9.8,3.1,6.4,9.7,3.0,6.3,9.6,2.9,6.2,9.5,2.8,6.1,9.4,2.7,6.0,9.3,2.6,5.9,9.2,2.5,5.8,9.1,2.4,5.7,9.0,2.3,5.6,8.9,2.2,5.5,8.8,2.1,5.4,8.7
134,C,0.0,3.4,6.8,0.2,3.6,7.0,0.4,3.8,7.2,0.6,4.0,7.4,0.8,4.2,7.6,1.0,4.4,7.8,1.2,4.6,8.0,1.4,4.8,8.2,1.6,5.0,8.4,1.8,5.2,8.6,2.0,5.4,8.8,2.2,5.6,9.0,2.4,5.8,9.2,2.6
135,D,0.0,3.5,7.0,0.5,4.0,7.5,1.0,4.5,8.0,1.5,5.0,8.5,2.0,5.5,9.0,2.5,6.0,9.5,3.0,6.5,0.0,3.5,7.0,0.5,4.0,7.5,1.0,4.5,8.0,1.5,5.0,8.5,2.0,5.5,9.0,2.5,6.0,9.5,3.0,6.5
136,A,0.0,3.6,7.2,0.8,4.4,8.0,1.6,5.2,8.8,2.4,6.0,9.6,3.2,6.8,0.4,4.0,7.6,1.2,4.8,8.4,2.0,5.6,9.2,2.8,6.4,0.0,3.6,7.2,0.8,4.4,8.0,1.6,5.2,8.8,2.4,6.0,9.6,3.2,6.8,0.4
137,B,0.0,3.7,7.4,1.1,4.8,8.5,2.2,5.9,9.6,3.3,7.0,0.7,4.4,8.1,1.8,5.5,9.2,2.9,6.6,0.3,4.0,7.7,1.4,5.1,8.8,2.5,6.2,9.9,3.6,7.3,1.0,4.7,8.4,2.1,5.8,9.5,3.2,6.9,0.6,4.3
138,C,0.0,3.8,7.6,1.4,5.2,9.0,2.8,6.6,0.4,4.2,8.0,1.8,5.6,9.4,3.2,7.0,0.8,4.6,8.4,2.2,6.0,9.8,3.6,7.4,1.2,5.0,8.8,2.6,6.4,0.2,4.0,7.8,1.6,5.4,9.2,3.0,6.8,0.6,4.4,8.2
139,D,0.0,3.9,7.8,1.7,5.6,9.5,3.4,7.3,1.2,5.1,9.0,2.9,6.8,0.7,4.6,8.5,2.4,6.3,0.2,4.1,8.0,1.9,5.8,9.7,3.6,7.5,1.4,5.3,9.2,3.1,7.0,0.9,4.8,8.7,2.6,6.5,0.4,4.3,8.2,2.1
140,A,0.0,4.0,8.0,2.0,6.0,0.0,4.0,8.0,2.0,6.0,0.0,4.0,8.0,2.0,6.0,0.0,4.0,8.0,2.0,6.0,0.0,4.0,8.0,2.0,6.0,0.0,4.0,8.0,2.0,6.0,0.0,4.0,8.0,2.0,6.0,0.0,4.0,8.0,2.0,6.0
141,B,0.0,4.1,8.2,2.3,6.4,0.5,4.6,8.7,2.8,6.9,1.0,5.1,9.2,3.3,7.4,1.5,5.6,9.7,3.8,7.9,2.0,6.1,0.2,4.3,8.4,2.5,6.6,0.7,4.8,8.9,3.0,7.1,1.2,5.3,9.4,3.5,7.6,1.7,5.8,9.9
142,C,0.0,4.2,8.4,2.6,6.8,1.0,5.2,9.4,3.6,7.8,2.0,6.2,0.4,4.6,8.8,3.0,7.2,1.4,5.6,9.8,4.0,8.2,2.4,6.6,0.8,5.0,9.2,3.4,7.6,1.8,6.0,0.2,4.4,8.6,2.8,7.0,1.2,5.4,9.6,3.8
143,D,0.0,4.3,8.6,2.9,7.2,1.5,5.8,0.1,4.4,8.7,3.0,7.3,1.6,5.9,0.2,4.5,8.8,3.1,7.4,1.7,6.0,0.3,4.6,8.9,3.2,7.5,1.8,6.1,0.4,4.7,9.0,3.3,7.6,1.9,6.2,0.5,4.8,9.1,3.4,7.7
144,A,0.0,4.4,8.8,3.2,7.6,2.0,6.4,0.8,5.2,9.6,4.0,8.4,2.8,7.2,1.6,6.0,0.4,4.8,9.2,3.6,8.0,2.4,6.8,1.2,5.6,0.0,4.4,8.8,3.2,7.6,2.0,6.4,0.8,5.2,9.6,4.0,8.4,2.8,7.2,1.6
145,B,0.0,4.5,9.0,3.5,8.0,2.5,7.0,1.5,6.0,0.5,5.0,9.5,4.0,8.5,3.0,7.5,2.0,6.5,1.0,5.5,0.0,4.5,9.0,3.5,8.0,2.5,7.0,1.5,6.0,0.5,5.0,9.5,4.0,8.5,3.0,7.5,2.0,6.5,1.0,5.5
146,C,0.0,4.6,9.2,3.8,8.4,3.0,7.6,2.2,6.8,1.4,6.0,0.6,5.2,9.8,4.4,9.0,3.6,8.2,2.8,7.4,2.0,6.6,1.2,5.8,0.4,5.0,9.6,4.2,8.8,3.4,8.0,2.6,7.2,1.8,6.4,1.0,5.6,0.2,4.8,9.4
147,D,0.0,4.7,9.4,4.1,8.8,3.5,8.2,2.9,7.6,2.3,7.0,1.7,6.4,1.1,5.8,0.5,5.2,9.9,4.6,9.3,4.0,8.7,3.4,8.1,2.8,7.5,2.2,6.9,1.6,6.3,1.0,5.7,0.4,5.1,9.8,4.5,9.2,3.9,8.6,3.3
148,A,0.0,4.8,9.6,4.4,9.2,4.0,8.8,3.6,8.4,3.2,8.0,2.8,7.6,2.4,7.2,2.0,6.8,1.6,6.4,1.2,6.0,0.8,5.6,0.4,5.2,0.0,4.8,9.6,4.4,9.2,4.0,8.8,3.6,8.4,3.2,8.0,2.8,7.6,2.4,7.2
149,B,0.0,4.9,9.8,4.7,9.6,4.5,9.4,4.3,9.2,4.1,9.0,3.9,8.8,3.7,8.6,3.5,8.4,3.3,8.2,3.1,8.0,2.9,7.8,2.7,7.6,2.5,7.4,2.3,7.2,2.1,7.0,1.9,6.8,1.7,6.6,1.5,6.4,1.3,6.2,1.1
150,C,0.0,5.0,0.0,5.0,0.0,5.0,0.0,5.0,0.0,5.0,0.0,5.0,0.0,5.0,0.0,5.0,0.0,5.0,0.0,5.0,0.0,5.0,0.0,5.0,0.0,5.0,0.0,5.0,0.0,5.0,0.0,5.0,0.0,5.0,0.0,5.0,0.0,5.0,0.0,5.0
151,D,0.0,5.1,0.2,5.3,0.4,5.5,0.6,5.7,0.8,5.9,1.0,6.1,1.2,6.3,1.4,6.5,1.6,6.7,1.8,6.9,2.0,7.1,2.2,7.3,2.4,7.5,2.6,7.7,2.8,7.9,3.0,8.1,3.2,8.3,3.4,8.5,3.6,8.7,3.8,8.9
152,A,0.0,5.2,0.4,5.6,0.8,6.0,1.2,6.4,1.6,6.8,2.0,7.2,2.4,7.6,2.8,8.0,3.2,8.4,3.6,8.8,4.0,9.2,4.4,9.6,4.8,0.0,5.2,0.4,5.6,0.8,6.0,1.2,6.4,1.6,6.8,2.0,7.2,2.4,7.6,2.8
153,B,0.0,5.3,0.6,5.9,1.2,6.5,1.8,7.1,2.4,7.7,3.0,8.3,3.6,8.9,4.2,9.5,4.8,0.1,5.4,0.7,6.0,1.3,6.6,1.9,7.2,2.5,7.8,3.1,8.4,3.7,9.0,4.3,9.6,4.9,0.2,5.5,0.8,6.1,1.4,6.7
154,C,0.0,5.4,0.8,6.2,1.6,7.0,2.4,7.8,3.2,8.6,4.0,9.4,4.8,0.2,5.6,1.0,6.4,1.8,7.2,2.6,8.0,3.4,8.8,4.2,9.6,5.0,0.4,5.8,1.2,6.6,2.0,7.4,2.8,8.2,3.6,9.0,4.4,9.8,5.2,0.6
155,D,0.0,5.5,1.0,6.5,2.0,7.5,3.0,8.5,4.0,9.5,5.0,0.5,6.0,1.5,7.0,2.5,8.0,3.5,9.0,4.5,0.0,5.5,1.0,6.5,2.0,7.5,3.0,8.5,4.0,9.5,5.0,0.5,6.0,1.5,7.0,2.5,8.0,3.5,9.0,4.5
156,A,0.0,5.6,1.2,6.8,2.4,8.0,3.6,9.2,4.8,0.4,6.0,1.6,7.2,2.8,8.4,4.0,9.6,5.2,0.8,6.4,2.0,7.6,3.2,8.8,4.4,0.0,5.6,1.2,6.8,2.4,8.0,3.6,9.2,4.8,0.4,6.0,1.6,7.2,2.8,8.4
157,B,0.0,5.7,1.4,7.1,2.8,8.5,4.2,9.9,5.6,1.3,7.0,2.7,8.4,4.1,9.8,5.5,1.2,6.9,2.6,8.3,4.0,9.7,5.4,1.1,6.8,2.5,8.2,3.9,9.6,5.3,1.0,6.7,2.4,8.1,3.8,9.5,5.2,0.9,6.6,2.3
158,C,0.0,5.8,1.6,7.4,3.2,9.0,4.8,0.6,6.4,2.2,8.0,3.8,9.6,5.4,1.2,7.0,2.8,8.6,4.4,0.2,6.0,1.8,7.6,3.4,9.2,5.0,0.8,6.6,2.4,8.2,4.0,9.8,5.6,1.4,7.2,3.0,8.8,4.6,0.4,6.2
159,D,0.0,5.9,1.8,7.7,3.6,9.5,5.4,1.3,7.2,3.1,9.0,4.9,0.8,6.7,2.6,8.5,4.4,0.3,6.2,2.1,8.0,3.9,9.8,5.7,1.6,7.5,3.4,9.3,5.2,1.1,7.0,2.9,8.8,4.7,0.6,6.5,2.4,8.3,4.2,0.1
160,A,0.0,6.0,2.0,8.0,4.0,0.0,6.0,2.0,8.0,4.0,0.0,6.0,2.0,8.0,4.0,0.0,6.0,2.0,8.0,4.0,0.0,6.0,2.0,8.0,4.0,0.0,6.0,2.0,8.0,4.0,0.0,6.0,2.0,8.0,4.0,0.0,6.0,2.0,8.0,4.0
161,B,0.0,6.1,2.2,8.3,4.4,0.5,6.6,2.7,8.8,4.9,1.0,7.1,3.2,9.3,5.4,1.5,7.6,3.7,9.8,5.9,2.0,8.1,4.2,0.3,6.4,2.5,8.6,4.7,0.8,6.9,3.0,9.1,5.2,1.3,7.4,3.5,9.6,5.7,1.8,7.9
162,C,0.0,6.2,2.4,8.6,4.8,1.0,7.2,3.4,9.6,5.8,2.0,8.2,4.4,0.6,6.8,3.0,9.2,5.4,1.6,7.8,4.0,0.2,6.4,2.6,8.8,5.0,1.2,7.4,3.6,9.8,6.0,2.2,8.4,4.6,0.8,7.0,3.2,9.4,5.6,1.8
163,D,0.0,6.3,2.6,8.9,5.2,1.5,7.8,4.1,0.4,6.7,3.0,9.3,5.6,1.9,8.2,4.5,0.8,7.1,3.4,9.7,6.0,2.3,8.6,4.9,1.2,7.5,3.8,0.1,6.4,2.7,9.0,5.3,1.6,7.9,4.2,0.5,6.8,3.1,9.4,5.7
164,A,0.0,6.4,2.8,9.2,5.6,2.0,8.4,4.8,1.2,7.6,4.0,0.4,6.8,3.2,9.6,6.0,2.4,8.8,5.2,1.6,8.0,4.4,0.8,7.2,3.6,0.0,6.4,2.8,9.2,5.6,2.0,8.4,4.8,1.2,7.6,4.0,0.4,6.8,3.2,9.6
165,B,0.0,6.5,3.0,9.5,6.0,2.5,9.0,5.5,2.0,8.5,5.0,1.5,8.0,4.5,1.0,7.5,4.0,0.5,7.0,3.5,0.0,6.5,3.0,9.5,6.0,2.5,9.0,5.5,2.0,8.5,5.0,1.5,8.0,4.5,1.0,7.5,4.0,0.5,7.0,3.5
166,C,0.0,6.6,3.2,9.8,6.4,3.0,9.6,6.2,2.8,9.4,6.0,2.6,9.2,5.8,2.4,9.0,5.6,2.2,8.8,5.4,2.0,8.6,5.2,1.8,8.4,5.0,1.6,8.2,4.8,1.4,8.0,4.6,1.2,7.8,4.4,1.0,7.6,4.2,0.8,7.4
167,D,0.0,6.7,3.4,0.1,6.8,3.5,0.2,6.9,3.6,0.3,7.0,3.7,0.4,7.1,3.8,0.5,7.2,3.9,0.6,7.3,4.0,0.7,7.4,4.1,0.8,7.5,4.2,0.9,7.6,4.3,1.0,7.7,4.4,1.1,7.8,4.5,1.2,7.9,4.6,1.3
168,A,0.0,6.8,3.6,0.4,7.2,4.0,0.8,7.6,4.4,1.2,8.0,4.8,1.6,8.4,5.2,2.0,8.8,5.6,2.4,9.2,6.0,2.8,9.6,6.4,3.2,0.0,6.8,3.6,0.4,7.2,4.0,0.8,7.6,4.4,1.2,8.0,4.8,1.6,8.4,5.2
169,B,0.0,6.9,3.8,0.7,7.6,4.5,1.4,8.3,5.2,2.1,9.0,5.9,2.8,9.7,6.6,3.5,0.4,7.3,4.2,1.1,8.0,4.9,1.8,8.7,5.6,2.5,9.4,6.3,3.2,0.1,7.0,3.9,0.8,7.7,4.6,1.5,8.4,5.3,2.2,9.1
170,C,0.0,7.0,4.0,1.0,8.0,5.0,2.0,9.0,6.0,3.0,0.0,7.0,4.0,1.0,8.0,5.0,2.0,9.0,6.0,3.0,0.0,7.0,4.0,1.0,8.0,5.0,2.0,9.0,6.0,3.0,0.0,7.0,4.0,1.0,8.0,5.0,2.0,9.0,6.0,3.0
171,D,0.0,7.1,4.2,1.3,8.4,5.5,2.6,9.7,6.8,3.9,1.0,8.1,5.2,2.3,9.4,6.5,3.6,0.7,7.8,4.9,2.0,9.1,6.2,3.3,0.4,7.5,4.6,1.7,8.8,5.9,3.0,0.1,7.2,4.3,1.4,8.5,5.6,2.7,9.8,6.9
172,A,0.0,7.2,4.4,1.6,8.8,6.0,3.2,0.4,7.6,4.8,2.0,9.2,6.4,3.6,0.8,8.0,5.2,2.4,9.6,6.8,4.0,1.2,8.4,5.6,2.8,0.0,7.2,4.4,1.6,8.8,6.0,3.2,0.4,7.6,4.8,2.0,9.2,6.4,3.6,0.8
173,B,0.0,7.3,4.6,1.9,9.2,6.5,3.8,1.1,8.4,5.7,3.0,0.3,7.6,4.9,2.2,9.5,6.8,4.1,1.4,8.7,6.0,3.3,0.6,7.9,5.2,2.5,9.8,7.1,4.4,1.7,9.0,6.3,3.6,0.9,8.2,5.5,2.8,0.1,7.4,4.7
174,C,0.0,7.4,4.8,2.2,9.6,7.0,4.4,1.8,9.2,6.6,4.0,1.4,8.8,6.2,3.6,1.0,8.4,5.8,3.2,0.6,8.0,5.4,2.8,0.2,7.6,5.0,2.4,9.8,7.2,4.6,2.0,9.4,6.8,4.2,1.6,9.0,6.4,3.8,1.2,8.6
175,D,0.0,7.5,5.0,2.5,0.0,7.5,5.0,2.5,0.0,7.5,5.0,2.5,0.0,7.5,5.0,2.5,0.0,7.5,5.0,2.5,0.0,7.5,5.0,2.5,0.0,7.5,5.0,2.5,0.0,7.5,5.0,2.5,0.0,7.5,5.0,2.5,0.0,7.5,5.0,2.5
176,A,0.0,7.6,5.2,2.8,0.4,8.0,5.6,3.2,0.8,8.4,6.0,3.6,1.2,8.8,6.4,4.0,1.6,9.2,6.8,4.4,2.0,9.6,7.2,4.8,2.4,0.0,7.6,5.2,2.8,0.4,8.0,5.6,3.2,0.8,8.4,6.0,3.6,1.2,8.8,6.4
177,B,0.0,7.7,5.4,3.1,0.8,8.5,6.2,3.9,1.6,9.3,7.0,4.7,2.4,0.1,7.8,5.5,3.2,0.9,8.6,6.3,4.0,1.7,9.4,7.1,4.8,2.5,0.2,7.9,5.6,3.3,1.0,8.7,6.4,4.1,1.8,9.5,7.2,4.9,2.6,0.3
178,C,0.0,7.8,5.6,3.4,1.2,9.0,6.8,4.6,2.4,0.2,8.0,5.8,3.6,1.4,9.2,7.0,4.8,2.6,0.4,8.2,6.0,3.8,1.6,9.4,7.2,5.0,2.8,0.6,8.4,6.2,4.0,1.8,9.6,7.4,5.2,3.0,0.8,8.6,6.4,4.2
179,D,0.0,7.9,5.8,3.7,1.6,9.5,7.4,5.3,3.2,1.1,9.0,6.9,4.8,2.7,0.6,8.5,6.4,4.3,2.2,0.1,8.0,5.9,3.8,1.7,9.6,7.5,5.4,3.3,1.2,9.1,7.0,4.9,2.8,0.7,8.6,6.5,4.4,2.3,0.2,8.1
180,A,0.0,8.0,6.0,4.0,2.0,0.0,8.0,6.0,4.0,2.0,0.0,8.0,6.0,4.0,2.0,0.0,8.0,6.0,4.0,2.0,0.0,8.0,6.0,4.0,2.0,0.0,8.0,6.0,4.0,2.0,0.0,8.0,6.0,4.0,2.0,0.0,8.0,6.0,4.0,2.0
181,B,0.0,8.1,6.2,4.3,2.4,0.5,8.6,6.7,4.8,2.9,1.0,9.1,7.2,5.3,3.4,1.5,9.6,7.7,5.8,3.9,2.0,0.1,8.2,6.3,4.4,2.5,0.6,8.7,6.8,4.9,3.0,1.1,9.2,7.3,5.4,3.5,1.6,9.7,7.8,5.9
182,C,0.0,8.2,6.4,4.6,2.8,1.0,9.2,7.4,5.6,3.8,2.0,0.2,8.4,6.6,4.8,3.0,1.2,9.4,7.6,5.8,4.0,2.2,0.4,8.6,6.8,5.0,3.2,1.4,9.6,7.8,6.0,4.2,2.4,0.6,8.8,7.0,5.2,3.4,1.6,9.8
183,D,0.0,8.3,6.6,4.9,3.2,1.5,9.8,8.1,6.4,4.7,3.0,1.3,9.6,7.9,6.2,4.5,2.8,1.1,9.4,7.7,6.0,4.3,2.6,0.9,9.2,7.5,5.8,4.1,2.4,0.7,9.0,7.3,5.6,3.9,2.2,0.5,8.8,7.1,5.4,3.7
184,A,0.0,8.4,6.8,5.2,3.6,2.0,0.4,8.8,7.2,5.6,4.0,2.4,0.8,9.2,7.6,6.0,4.4,2.8,1.2,9.6,8.0,6.4,4.8,3.2,1.6,0.0,8.4,6.8,5.2,3.6,2.0,0.4,8.8,7.2,5.6,4.0,2.4,0.8,9.2,7.6
185,B,0.0,8.5,7.0,5.5,4.0,2.5,1.0,9.5,8.0,6.5,5.0,3.5,2.0,0.5,9.0,7.5,6.0,4.5,3.0,1.5,0.0,8.5,7.0,5.5,4.0,2.5,1.0,9.5,8.0,6.5,5.0,3.5,2.0,0.5,9.0,7.5,6.0,4.5,3.0,1.5
186,C,0.0,8.6,7.2,5.8,4.4,3.0,1.6,0.2,8.8,7.4,6.0,4.6,3.2,1.8,0.4,9.0,7.6,6.2,4.8,3.4,2.0,0.6,9.2,7.8,6.4,5.0,3.6,2.2,0.8,9.4,8.0,6.6,5.2,3.8,2.4,1.0,9.6,8.2,6.8,5.4
187,D,0.0,8.7,7.4,6.1,4.8,3.5,2.2,0.9,9.6,8.3,7.0,5.7,4.4,3.1,1.8,0.5,9.2,7.9,6.6,5.3,4.0,2.7,1.4,0.1,8.8,7.5,6.2,4.9,3.6,2.3,1.0,9.7,8.4,7.1,5.8,4.5,3.2,1.9,0.6,9.3
188,A,0.0,8.8,7.6,6.4,5.2,4.0,2.8,1.6,0.4,9.2,8.0,6.8,5.6,4.4,3.2,2.0,0.8,9.6,8.4,7.2,6.0,4.8,3.6,2.4,1.2,0.0,8.8,7.6,6.4,5.2,4.0,2.8,1.6,0.4,9.2,8.0,6.8,5.6,4.4,3.2
189,B,0.0,8.9,7.8,6.7,5.6,4.5,3.4,2.3,1.2,0.1,9.0,7.9,6.8,5.7,4.6,3.5,2.4,1.3,0.2,9.1,8.0,6.9,5.8,4.7,3.6,2.5,1.4,0.3,9.2,8.1,7.0,5.9,4.8,3.7,2.6,1.5,0.4,9.3,8.2,7.1
190,C,0.0,9.0,8.0,7.0,6.0,5.0,4.0,3.0,2.0,1.0,0.0,9.0,8.0,7.0,6.0,5.0,4.0,3.0,2.0,1.0,0.0,9.0,8.0,7.0,6.0,5.0,4.0,3.0,2.0,1.0,0.0,9.0,8.0,7.0,6.0,5.0,4.0,3.0,2.0,1.0
191,D,0.0,9.1,8.2,7.3,6.4,5.5,4.6,3.7,2.8,1.9,1.0,0.1,9.2,8.3,7.4,6.5,5.6,4.7,3.8,2.9,2.0,1.1,0.2,9.3,8.4,7.5,6.6,5.7,4.8,3.9,3.0,2.1,1.2,0.3,9.4,8.5,7.6,6.7,5.8,4.9
192,A,0.0,9.2,8.4,7.6,6.8,6.0,5.2,4.4,3.6,2.8,2.0,1.2,0.4,9.6,8.8,8.0,7.2,6.4,5.6,4.8,4.0,3.2,2.4,1.6,0.8,0.0,9.2,8.4,7.6,6.8,6.0,5.2,4.4,3.6,2.8,2.0,1.2,0.4,9.6,8.8
193,B,0.0,9.3,8.6,7.9,7.2,6.5,5.8,5.1,4.4,3.7,3.0,2.3,1.6,0.9,0.2,9.5,8.8,8.1,7.4,6.7,6.0,5.3,4.6,3.9,3.2,2.5,1.8,1.1,0.4,9.7,9.0,8.3,7.6,6.9,6.2,5.5,4.8,4.1,3.4,2.7
194,C,0.0,9.4,8.8,8.2,7.6,7.0,6.4,5.8,5.2,4.6,4.0,3.4,2.8,2.2,1.6,1.0,0.4,9.8,9.2,8.6,8.0,7.4,6.8,6.2,5.6,5.0,4.4,3.8,3.2,2.6,2.0,1.4,0.8,0.2,9.6,9.0,8.4,7.8,7.2,6.6
195,D,0.0,9.5,9.0,8.5,8.0,7.5,7.0,6.5,6.0,5.5,5.0,4.5,4.0,3.5,3.0,2.5,2.0,1.5,1.0,0.5,0.0,9.5,9.0,8.5,8.0,7.5,7.0,6.5,6.0,5.5,5.0,4.5,4.0,3.5,3.0,2.5,2.0,1.5,1.0,0.5
196,A,0.0,9.6,9.2,8.8,8.4,8.0,7.6,7.2,6.8,6.4,6.0,5.6,5.2,4.8,4.4,4.0,3.6,3.2,2.8,2.4,2.0,1.6,1.2,0.8,0.4,0.0,9.6,9.2,8.8,8.4,8.0,7.6,7.2,6.8,6.4,6.0,5.6,5.2,4.8,4.4
197,B,0.0,9.7,9.4,9.1,8.8,8.5,8.2,7.9,7.6,7.3,7.0,6.7,6.4,6.1,5.8,5.5,5.2,4.9,4.6,4.3,4.0,3.7,3.4,3.1,2.8,2.5,2.2,1.9,1.6,1.3,1.0,0.7,0.4,0.1,9.8,9.5,9.2,8.9,8.6,8.3
198,C,0.0,9.8,9.6,9.4,9.2,9.0,8.8,8.6,8.4,8.2,8.0,7.8,7.6,7.4,7.2,7.0,6.8,6.6,6.4,6.2,6.0,5.8,5.6,5.4,5.2,5.0,4.8,4.6,4.4,4.2,4.0,3.8,3.6,3.4,3.2,3.0,2.8,2.6,2.4,2.2
199,D,0.0,9.9,9.8,9.7,9.6,9.5,9.4,9.3,9.2,9.1,9.0,8.9,8.8,8.7,8.6,8.5,8.4,8.3,8.2,8.1,8.0,7.9,7.8,7.7,7.6,7.5,7.4,7.3,7.2,7.1,7.0,6.9,6.8,6.7,6.6,6.5,6.4,6.3,6.2,6.1
